{
  "overall_accuracy": 0.6880837814888197,
  "classes": [
    "angry",
    "disgust",
    "fear",
    "happy",
    "neutral",
    "sad",
    "surprise"
  ],
  "per_class": {
    "angry": {
      "accuracy": 0.5895833333333333,
      "correct": 566,
      "total": 960
    },
    "disgust": {
      "accuracy": 0.6756756756756757,
      "correct": 75,
      "total": 111
    },
    "fear": {
      "accuracy": 0.44106090373280943,
      "correct": 449,
      "total": 1018
    },
    "happy": {
      "accuracy": 0.8794520547945206,
      "correct": 1605,
      "total": 1825
    },
    "neutral": {
      "accuracy": 0.6883223684210527,
      "correct": 837,
      "total": 1216
    },
    "sad": {
      "accuracy": 0.6286215978928885,
      "correct": 716,
      "total": 1139
    },
    "surprise": {
      "accuracy": 0.7703889585947302,
      "correct": 614,
      "total": 797
    }
  },
  "confusion_matrix": [
    [
      566,
      9,
      63,
      30,
      105,
      175,
      12
    ],
    [
      13,
      75,
      6,
      1,
      5,
      7,
      4
    ],
    [
      140,
      1,
      449,
      29,
      95,
      231,
      73
    ],
    [
      33,
      2,
      31,
      1605,
      85,
      36,
      33
    ],
    [
      57,
      0,
      57,
      80,
      837,
      166,
      19
    ],
    [
      67,
      5,
      110,
      25,
      201,
      716,
      15
    ],
    [
      17,
      1,
      79,
      51,
      19,
      16,
      614
    ]
  ]
}